{
	"credit": "Made with Blockbench",
	"textures": {
		"3": "block/qsdfqsdfqsdf",
		"particle": "texture"
	},
	"elements": [
		{
			"from": [7, 1, 7],
			"to": [9, 28, 9],
			"rotation": {"angle": 0, "axis": "y", "origin": [7, 1, 7]},
			"faces": {
				"north": {"uv": [0, 0.75, 0.5, 6.75], "texture": "#3"},
				"east": {"uv": [1.25, 0.75, 0, 6.75], "texture": "#3"},
				"south": {"uv": [2.25, 0.75, 0, 6.75], "texture": "#3"},
				"west": {"uv": [3.25, 0.75, 0, 6.75], "texture": "#3"},
				"up": {"uv": [4.25, 0.75, 0, 6.75], "texture": "#3"},
				"down": {"uv": [5.25, 0.75, 0, 6.75], "texture": "#3"}
			}
		},
		{
			"from": [5, 28, 7],
			"to": [11, 29, 9],
			"rotation": {"angle": 0, "axis": "y", "origin": [5, 28, 7]},
			"faces": {
				"north": {"uv": [9, 0.25, 8.5, 0.75], "texture": "#3"},
				"east": {"uv": [10, 0.25, 9.5, 0.75], "texture": "#3"},
				"south": {"uv": [11, 0.25, 10.5, 0.75], "texture": "#3"},
				"west": {"uv": [12, 0.25, 11.5, 0.75], "texture": "#3"},
				"up": {"uv": [13, 0.25, 12.5, 0.75], "texture": "#3"},
				"down": {"uv": [14, 0.25, 13.5, 0.75], "texture": "#3"}
			}
		},
		{
			"from": [6, 27, 6],
			"to": [10, 28, 7],
			"rotation": {"angle": 0, "axis": "y", "origin": [6, 27, 6]},
			"faces": {
				"north": {"uv": [13.5, 7, 9.25, 3.25], "texture": "#3"},
				"east": {"uv": [13, 7, 9.75, 3.25], "texture": "#3"},
				"south": {"uv": [11, 6, 11.5, 3.25], "texture": "#3"},
				"west": {"uv": [11.25, 6, 10, 3.25], "texture": "#3"},
				"up": {"uv": [12.25, 6, 10, 3.25], "texture": "#3"},
				"down": {"uv": [13.25, 6.5, 10, 3.75], "texture": "#3"}
			}
		},
		{
			"from": [6, 28, 9],
			"to": [10, 29, 10],
			"rotation": {"angle": 0, "axis": "y", "origin": [6, 28, 9]},
			"faces": {
				"north": {"uv": [14, 0.25, 14.5, 0.75], "texture": "#3"},
				"east": {"uv": [14, 0.25, 15.5, 0.75], "texture": "#3"},
				"south": {"uv": [14, 0.25, 15.5, 0.75], "texture": "#3"},
				"west": {"uv": [14, 0.25, 15.5, 0.75], "texture": "#3"},
				"up": {"uv": [14, 0.25, 15.5, 0.75], "texture": "#3"},
				"down": {"uv": [14, 0.25, 15.5, 0.75], "texture": "#3"}
			}
		},
		{
			"from": [7, 28, 10],
			"to": [9, 29, 11],
			"rotation": {"angle": 0, "axis": "y", "origin": [7, 28, 10]},
			"faces": {
				"north": {"uv": [14, 0.25, 15.5, 0.75], "texture": "#3"},
				"east": {"uv": [14, 0.25, 15.5, 0.75], "texture": "#3"},
				"south": {"uv": [14, 0.25, 15.5, 0.75], "texture": "#3"},
				"west": {"uv": [14, 0.25, 15.5, 0.75], "texture": "#3"},
				"up": {"uv": [9, 1.25, 8.5, 1.75], "texture": "#3"},
				"down": {"uv": [10, 1.25, 9.5, 1.75], "texture": "#3"}
			}
		},
		{
			"from": [7, 28, 6],
			"to": [9, 30, 7],
			"rotation": {"angle": 0, "axis": "y", "origin": [7, 28, 6]},
			"faces": {
				"north": {"uv": [11, 1.25, 10.5, 1.75], "texture": "#3"},
				"east": {"uv": [12, 1.25, 11.5, 1.75], "texture": "#3"},
				"south": {"uv": [13, 1.25, 12.5, 1.75], "texture": "#3"},
				"west": {"uv": [14, 1.25, 13.5, 1.75], "texture": "#3"},
				"up": {"uv": [14, 1.25, 14.5, 1.75], "texture": "#3"},
				"down": {"uv": [14, 1.25, 15.5, 1.75], "texture": "#3"}
			}
		},
		{
			"from": [9, 29, 7],
			"to": [10, 31, 9],
			"rotation": {"angle": 0, "axis": "y", "origin": [9, 29, 7]},
			"faces": {
				"north": {"uv": [14, 1.25, 15.5, 1.75], "texture": "#3"},
				"east": {"uv": [14, 1.25, 15.5, 1.75], "texture": "#3"},
				"south": {"uv": [9, 2.25, 8.5, 2.75], "texture": "#3"},
				"west": {"uv": [10, 2.25, 9.5, 2.75], "texture": "#3"},
				"up": {"uv": [11, 2.25, 10.5, 2.75], "texture": "#3"},
				"down": {"uv": [12, 2.25, 11.5, 2.75], "texture": "#3"}
			}
		},
		{
			"from": [6, 29, 7],
			"to": [7, 31, 9],
			"rotation": {"angle": 0, "axis": "y", "origin": [6, 29, 7]},
			"faces": {
				"north": {"uv": [13, 2.25, 12.5, 2.75], "texture": "#3"},
				"east": {"uv": [14, 2.25, 13.5, 2.75], "texture": "#3"},
				"south": {"uv": [14, 2.25, 14.5, 2.75], "texture": "#3"},
				"west": {"uv": [14, 2.25, 15.5, 2.75], "texture": "#3"},
				"up": {"uv": [14, 2.25, 15.5, 2.75], "texture": "#3"},
				"down": {"uv": [14, 2.25, 15.5, 2.75], "texture": "#3"}
			}
		},
		{
			"from": [7, 29, 7],
			"to": [9, 31, 10],
			"rotation": {"angle": 0, "axis": "y", "origin": [7, 29, 7]},
			"faces": {
				"north": {"uv": [14, 1.25, 15.5, 1.75], "texture": "#3"},
				"east": {"uv": [14, 1.25, 15.5, 1.75], "texture": "#3"},
				"south": {"uv": [14, 1.25, 15.5, 1.75], "texture": "#3"},
				"west": {"uv": [14, 1.25, 15.5, 1.75], "texture": "#3"},
				"up": {"uv": [14, 1.25, 15.5, 1.75], "texture": "#3"},
				"down": {"uv": [14, 1.25, 15.5, 1.75], "texture": "#3"}
			}
		},
		{
			"from": [7, 31, 7],
			"to": [9, 32, 9],
			"rotation": {"angle": 0, "axis": "y", "origin": [7, 31, 7]},
			"faces": {
				"north": {"uv": [9, 3.25, 8.5, 3.75], "texture": "#3"},
				"east": {"uv": [10, 3.25, 9.5, 3.75], "texture": "#3"},
				"south": {"uv": [11, 3.25, 10.5, 3.75], "texture": "#3"},
				"west": {"uv": [12, 3.25, 11.5, 3.75], "texture": "#3"},
				"up": {"uv": [13, 3.25, 12.5, 3.75], "texture": "#3"},
				"down": {"uv": [14, 3.25, 13.5, 3.75], "texture": "#3"}
			}
		},
		{
			"from": [9, 28, 6],
			"to": [10, 29, 7],
			"rotation": {"angle": 0, "axis": "y", "origin": [9, 28, 6]},
			"faces": {
				"north": {"uv": [14.5, 3.25, 15, 3.75], "texture": "#3"},
				"east": {"uv": [10.5, 5.25, 11, 5.75], "texture": "#3"},
				"south": {"uv": [9.5, 7.25, 10, 7.75], "texture": "#3"},
				"west": {"uv": [9.5, 6.25, 10, 6.75], "texture": "#3"},
				"up": {"uv": [9.5, 5.25, 10, 5.75], "texture": "#3"},
				"down": {"uv": [8.5, 6.25, 9, 6.75], "texture": "#3"}
			}
		},
		{
			"from": [6, 28, 6],
			"to": [7, 29, 7],
			"rotation": {"angle": 0, "axis": "y", "origin": [6, 28, 6]},
			"faces": {
				"north": {"uv": [8.5, 7.25, 9, 7.75], "texture": "#3"},
				"east": {"uv": [8.5, 5.25, 9, 5.75], "texture": "#3"},
				"south": {"uv": [11.5, 4.25, 12, 4.75], "texture": "#3"},
				"west": {"uv": [10.5, 4.25, 11, 4.75], "texture": "#3"},
				"up": {"uv": [9, 4.25, 8.5, 4.75], "texture": "#3"},
				"down": {"uv": [10, 4.25, 9.5, 4.75], "texture": "#3"}
			}
		},
		{
			"from": [7, 29, 7],
			"to": [9, 31, 10],
			"rotation": {"angle": 0, "axis": "y", "origin": [7, 29, 7]},
			"faces": {
				"north": {"uv": [11.5, 7.25, 13, 7.75], "texture": "#3"},
				"east": {"uv": [11.5, 6.25, 13, 6.75], "texture": "#3"},
				"south": {"uv": [11.5, 5.25, 13, 5.75], "texture": "#3"},
				"west": {"uv": [10.5, 7.25, 11, 7.75], "texture": "#3"},
				"up": {"uv": [10.5, 6.25, 11, 6.75], "texture": "#3"},
				"down": {"uv": [12.5, 4.25, 13, 4.75], "texture": "#3"}
			}
		},
		{
			"from": [9, 1, 7],
			"to": [10, 28, 9],
			"rotation": {"angle": 0, "axis": "y", "origin": [9, 1, 7]},
			"faces": {
				"north": {"uv": [6.25, 0.75, 0, 6.75], "texture": "#3"},
				"east": {"uv": [7.25, 0.75, 0, 6.75], "texture": "#3"},
				"south": {"uv": [8, 0.75, 0, 6.75], "texture": "#3"},
				"west": {"uv": [8, 0.75, 0.75, 6.75], "texture": "#3"},
				"up": {"uv": [8, 0.75, 1.75, 6.75], "texture": "#3"},
				"down": {"uv": [8, 0.75, 2.75, 6.75], "texture": "#3"}
			}
		},
		{
			"from": [6, 1, 7],
			"to": [7, 28, 9],
			"rotation": {"angle": 0, "axis": "y", "origin": [6, 1, 7]},
			"faces": {
				"north": {"uv": [8, 0.75, 3.75, 6.75], "texture": "#3"},
				"east": {"uv": [8, 0.75, 4.75, 6.75], "texture": "#3"},
				"south": {"uv": [8, 0.75, 5, 6.75], "texture": "#3"},
				"west": {"uv": [5, 0.75, 8, 6.75], "texture": "#3"},
				"up": {"uv": [0, 1.75, 0.5, 7.75], "texture": "#3"},
				"down": {"uv": [1.25, 1.75, 0, 7.75], "texture": "#3"}
			}
		},
		{
			"from": [7, 1, 9],
			"to": [9, 28, 10],
			"rotation": {"angle": 0, "axis": "y", "origin": [7, 1, 9]},
			"faces": {
				"north": {"uv": [2.25, 1.75, 0, 7.75], "texture": "#3"},
				"east": {"uv": [3.25, 1.75, 0, 7.75], "texture": "#3"},
				"south": {"uv": [4.25, 1.75, 0, 7.75], "texture": "#3"},
				"west": {"uv": [5.25, 1.75, 0, 7.75], "texture": "#3"},
				"up": {"uv": [6.25, 1.75, 0, 7.75], "texture": "#3"},
				"down": {"uv": [7.25, 1.75, 0, 7.75], "texture": "#3"}
			}
		},
		{
			"from": [7, 1, 6],
			"to": [9, 27, 7],
			"rotation": {"angle": 0, "axis": "y", "origin": [7, 1, 6]},
			"faces": {
				"north": {"uv": [8, 2.5, 5, 8], "texture": "#3"},
				"east": {"uv": [8, 1.75, 0.75, 7.75], "texture": "#3"},
				"south": {"uv": [8, 1.75, 1.75, 7.75], "texture": "#3"},
				"west": {"uv": [8, 1.75, 2.75, 7.75], "texture": "#3"},
				"up": {"uv": [8, 1.75, 3.75, 7.75], "texture": "#3"},
				"down": {"uv": [8, 1.75, 4.75, 7.75], "texture": "#3"}
			}
		},
		{
			"from": [3, 3, 2],
			"to": [7, 7, 7],
			"rotation": {"angle": 0, "axis": "y", "origin": [3, 3, 2]},
			"faces": {
				"north": {"uv": [5.75, 0, 7.35714, 2.99138], "texture": "#3"},
				"east": {"uv": [6.17857, 0, 7.89286, 1.9569], "texture": "#3"},
				"south": {"uv": [0, 0.16379, 1.46429, 2.37069], "texture": "#3"},
				"west": {"uv": [0.17857, 0.16379, 1.89286, 2.37069], "texture": "#3"},
				"up": {"uv": [0.60714, 0.16379, 2.32143, 2.37069], "texture": "#3"},
				"down": {"uv": [1.03571, 0.16379, 2.75, 2.37069], "texture": "#3"}
			}
		},
		{
			"from": [9, 3, 2],
			"to": [13, 7, 7],
			"rotation": {"angle": 0, "axis": "y", "origin": [9, 3, 2]},
			"faces": {
				"north": {"uv": [1.46429, 0.16379, 4.67857, 3.40517], "texture": "#3"},
				"east": {"uv": [1.89286, 0.16379, 3.60714, 2.37069], "texture": "#3"},
				"south": {"uv": [2.32143, 0.16379, 4.03571, 2.37069], "texture": "#3"},
				"west": {"uv": [2.75, 0.16379, 4.46429, 2.37069], "texture": "#3"},
				"up": {"uv": [3.17857, 0.16379, 4.89286, 2.37069], "texture": "#3"},
				"down": {"uv": [3.60714, 0.16379, 5.32143, 2.37069], "texture": "#3"}
			}
		},
		{
			"from": [13, 3, 3],
			"to": [14, 6, 7],
			"rotation": {"angle": 0, "axis": "y", "origin": [13, 3, 3]},
			"faces": {
				"north": {"uv": [4.89286, 0.57759, 6.60714, 2.78448], "texture": "#3"},
				"east": {"uv": [5.32143, 0.57759, 7.35714, 3.81897], "texture": "#3"},
				"south": {"uv": [5.75, 0.57759, 7.46429, 2.78448], "texture": "#3"},
				"west": {"uv": [6.17857, 0.57759, 7.89286, 2.78448], "texture": "#3"},
				"up": {"uv": [0, 0.99138, 1.46429, 3.19828], "texture": "#3"},
				"down": {"uv": [0.17857, 0.99138, 1.89286, 3.19828], "texture": "#3"}
			}
		},
		{
			"from": [2, 3, 3],
			"to": [3, 6, 7],
			"rotation": {"angle": 0, "axis": "y", "origin": [2, 3, 3]},
			"faces": {
				"north": {"uv": [0.60714, 2.99138, 4.57143, 0.88793], "texture": "#3"},
				"east": {"uv": [1.03571, 0.99138, 2.75, 3.19828], "texture": "#3"},
				"south": {"uv": [1.46429, 0.99138, 3.17857, 3.19828], "texture": "#3"},
				"west": {"uv": [1.89286, 0.99138, 5.75, 5.26724], "texture": "#3"},
				"up": {"uv": [2.32143, 0.99138, 4.03571, 3.19828], "texture": "#3"},
				"down": {"uv": [2.75, 0.99138, 4.46429, 3.19828], "texture": "#3"}
			}
		},
		{
			"from": [3, 3, 7],
			"to": [6, 6, 8],
			"rotation": {"angle": 0, "axis": "y", "origin": [3, 3, 7]},
			"faces": {
				"north": {"uv": [1.46429, 2.64655, 3.17857, 4.85345], "texture": "#3"},
				"east": {"uv": [1.89286, 2.64655, 3.60714, 4.85345], "texture": "#3"},
				"south": {"uv": [2.32143, 2.64655, 5.53571, 5.88793], "texture": "#3"},
				"west": {"uv": [2.75, 2.64655, 4.46429, 4.85345], "texture": "#3"},
				"up": {"uv": [3.17857, 2.64655, 4.89286, 4.85345], "texture": "#3"},
				"down": {"uv": [3.60714, 2.64655, 5.32143, 4.85345], "texture": "#3"}
			}
		},
		{
			"from": [10, 3, 7],
			"to": [13, 6, 8],
			"rotation": {"angle": 0, "axis": "y", "origin": [10, 3, 7]},
			"faces": {
				"north": {"uv": [4.03571, 2.64655, 5.75, 4.85345], "texture": "#3"},
				"east": {"uv": [5.96429, 4.64655, 4.03571, 1.81897], "texture": "#3"},
				"south": {"uv": [4.89286, 2.64655, 8, 6.92241], "texture": "#3"},
				"west": {"uv": [5.32143, 2.64655, 7.03571, 4.85345], "texture": "#3"},
				"up": {"uv": [5.75, 2.64655, 7.46429, 4.85345], "texture": "#3"},
				"down": {"uv": [6.17857, 2.64655, 7.89286, 4.85345], "texture": "#3"}
			}
		},
		{
			"from": [10, 6, 7],
			"to": [12, 7, 8],
			"rotation": {"angle": 0, "axis": "y", "origin": [10, 6, 7]},
			"faces": {
				"north": {"uv": [0, 3.06034, 1.46429, 5.26724], "texture": "#3"},
				"east": {"uv": [0.17857, 5.06034, 4.57143, 2.23276], "texture": "#3"},
				"south": {"uv": [0.60714, 3.06034, 4.46429, 7.33621], "texture": "#3"},
				"west": {"uv": [1.03571, 3.06034, 2.75, 5.26724], "texture": "#3"},
				"up": {"uv": [1.46429, 3.06034, 3.17857, 5.26724], "texture": "#3"},
				"down": {"uv": [1.89286, 3.06034, 3.60714, 5.26724], "texture": "#3"}
			}
		},
		{
			"from": [4, 6, 7],
			"to": [6, 7, 8],
			"rotation": {"angle": 0, "axis": "y", "origin": [4, 6, 7]},
			"faces": {
				"north": {"uv": [2.32143, 3.06034, 4.03571, 5.26724], "texture": "#3"},
				"east": {"uv": [2.75, 3.06034, 4.46429, 5.26724], "texture": "#3"},
				"south": {"uv": [3.17857, 3.06034, 6.39286, 6.30172], "texture": "#3"},
				"west": {"uv": [3.60714, 3.06034, 5.32143, 5.26724], "texture": "#3"},
				"up": {"uv": [4.03571, 3.06034, 5.75, 5.26724], "texture": "#3"},
				"down": {"uv": [4.46429, 3.06034, 6.17857, 5.26724], "texture": "#3"}
			}
		},
		{
			"from": [4, 7, 3],
			"to": [7, 8, 7],
			"rotation": {"angle": 0, "axis": "y", "origin": [4, 7, 3]},
			"faces": {
				"north": {"uv": [3.17857, 0.99138, 4.89286, 3.19828], "texture": "#3"},
				"east": {"uv": [3.60714, 0.99138, 5.32143, 3.19828], "texture": "#3"},
				"south": {"uv": [4.03571, 0.99138, 5.75, 3.19828], "texture": "#3"},
				"west": {"uv": [4.46429, 0.99138, 6.17857, 3.19828], "texture": "#3"},
				"up": {"uv": [4.89286, 0.99138, 7.35714, 4.23276], "texture": "#3"},
				"down": {"uv": [5.32143, 0.99138, 7.03571, 3.19828], "texture": "#3"}
			}
		},
		{
			"from": [4, 2, 3],
			"to": [7, 3, 7],
			"rotation": {"angle": 0, "axis": "y", "origin": [4, 2, 3]},
			"faces": {
				"north": {"uv": [4.89286, 3.06034, 6.60714, 5.26724], "texture": "#3"},
				"east": {"uv": [5.32143, 3.06034, 7.03571, 5.26724], "texture": "#3"},
				"south": {"uv": [5.75, 3.06034, 7.35714, 6.30172], "texture": "#3"},
				"west": {"uv": [6.17857, 3.06034, 7.89286, 5.26724], "texture": "#3"},
				"up": {"uv": [0, 3.47414, 1.46429, 5.68103], "texture": "#3"},
				"down": {"uv": [0.17857, 3.47414, 1.89286, 5.68103], "texture": "#3"}
			}
		},
		{
			"from": [9, 2, 3],
			"to": [12, 3, 7],
			"rotation": {"angle": 0, "axis": "y", "origin": [9, 2, 3]},
			"faces": {
				"north": {"uv": [0.60714, 3.47414, 2.32143, 5.68103], "texture": "#3"},
				"east": {"uv": [1.03571, 3.47414, 4.89286, 7.75], "texture": "#3"},
				"south": {"uv": [1.46429, 5.47414, 4.57143, 2.64655], "texture": "#3"},
				"west": {"uv": [1.89286, 3.47414, 3.60714, 5.68103], "texture": "#3"},
				"up": {"uv": [2.32143, 3.47414, 4.03571, 5.68103], "texture": "#3"},
				"down": {"uv": [2.75, 3.47414, 4.46429, 5.68103], "texture": "#3"}
			}
		},
		{
			"from": [9, 7, 3],
			"to": [12, 8, 7],
			"rotation": {"angle": 0, "axis": "y", "origin": [9, 7, 3]},
			"faces": {
				"north": {"uv": [5.75, 0.99138, 7.46429, 3.19828], "texture": "#3"},
				"east": {"uv": [6.17857, 0.99138, 7.89286, 3.19828], "texture": "#3"},
				"south": {"uv": [0, 1.40517, 1.46429, 3.61207], "texture": "#3"},
				"west": {"uv": [0.17857, 1.40517, 1.89286, 3.61207], "texture": "#3"},
				"up": {"uv": [0.60714, 1.40517, 4.57143, 4.64655], "texture": "#3"},
				"down": {"uv": [1.03571, 1.40517, 2.75, 3.61207], "texture": "#3"}
			}
		},
		{
			"from": [4, 0, 4],
			"to": [12, 1, 12],
			"rotation": {"angle": 0, "axis": "y", "origin": [4, 0, 4]},
			"faces": {
				"north": {"uv": [4.25, 10.25, 4.75, 10.75], "texture": "#3"},
				"east": {"uv": [5.25, 10.25, 5.75, 10.75], "texture": "#3"},
				"south": {"uv": [6.25, 10.25, 6.75, 10.75], "texture": "#3"},
				"west": {"uv": [7.25, 10.25, 7.75, 10.75], "texture": "#3"},
				"up": {"uv": [8.25, 10.25, 8.75, 10.75], "texture": "#3"},
				"down": {"uv": [9.25, 10.25, 9.75, 10.75], "texture": "#3"}
			}
		},
		{
			"from": [5, 0, 12],
			"to": [11, 1, 13],
			"rotation": {"angle": 0, "axis": "y", "origin": [5, 0, 12]},
			"faces": {
				"north": {"uv": [10.25, 10.25, 10.75, 10.75], "texture": "#3"},
				"east": {"uv": [11.25, 10.25, 11.75, 10.75], "texture": "#3"},
				"south": {"uv": [12.25, 10.25, 12.75, 10.75], "texture": "#3"},
				"west": {"uv": [13.25, 10.25, 13.75, 10.75], "texture": "#3"},
				"up": {"uv": [14.25, 10.25, 14.75, 10.75], "texture": "#3"},
				"down": {"uv": [15.25, 10.25, 15.75, 10.75], "texture": "#3"}
			}
		},
		{
			"from": [6, 1, 10],
			"to": [10, 2, 11],
			"rotation": {"angle": 0, "axis": "y", "origin": [6, 1, 10]},
			"faces": {
				"north": {"uv": [8.25, 12.25, 8.75, 12.75], "texture": "#3"},
				"east": {"uv": [9.25, 12.25, 9.75, 12.75], "texture": "#3"},
				"south": {"uv": [10.25, 12.25, 10.75, 12.75], "texture": "#3"},
				"west": {"uv": [11.25, 12.25, 11.75, 12.75], "texture": "#3"},
				"up": {"uv": [12.25, 12.25, 12.75, 12.75], "texture": "#3"},
				"down": {"uv": [13.25, 12.25, 13.75, 12.75], "texture": "#3"}
			}
		},
		{
			"from": [6, 1, 5],
			"to": [10, 2, 6],
			"rotation": {"angle": 0, "axis": "y", "origin": [6, 1, 5]},
			"faces": {
				"north": {"uv": [14.25, 12.25, 14.75, 12.75], "texture": "#3"},
				"east": {"uv": [15.25, 12.25, 15.75, 12.75], "texture": "#3"},
				"south": {"uv": [0.25, 13.25, 0.75, 13.75], "texture": "#3"},
				"west": {"uv": [1.25, 13.25, 1.75, 13.75], "texture": "#3"},
				"up": {"uv": [2.25, 13.25, 2.75, 13.75], "texture": "#3"},
				"down": {"uv": [3.25, 13.25, 3.75, 13.75], "texture": "#3"}
			}
		},
		{
			"from": [5, 0, 3],
			"to": [11, 1, 4],
			"rotation": {"angle": 0, "axis": "y", "origin": [5, 0, 3]},
			"faces": {
				"north": {"uv": [0.25, 11.25, 0.75, 11.75], "texture": "#3"},
				"east": {"uv": [1.25, 11.25, 1.75, 11.75], "texture": "#3"},
				"south": {"uv": [2.25, 11.25, 2.75, 11.75], "texture": "#3"},
				"west": {"uv": [3.25, 11.25, 3.75, 11.75], "texture": "#3"},
				"up": {"uv": [4.25, 11.25, 4.75, 11.75], "texture": "#3"},
				"down": {"uv": [5.25, 11.25, 5.75, 11.75], "texture": "#3"}
			}
		},
		{
			"from": [12, 0, 5],
			"to": [13, 1, 11],
			"rotation": {"angle": 0, "axis": "y", "origin": [12, 0, 5]},
			"faces": {
				"north": {"uv": [6.25, 11.25, 6.75, 11.75], "texture": "#3"},
				"east": {"uv": [7.25, 11.25, 7.75, 11.75], "texture": "#3"},
				"south": {"uv": [8.25, 11.25, 8.75, 11.75], "texture": "#3"},
				"west": {"uv": [9.25, 11.25, 9.75, 11.75], "texture": "#3"},
				"up": {"uv": [10.25, 11.25, 10.75, 11.75], "texture": "#3"},
				"down": {"uv": [11.25, 11.25, 11.75, 11.75], "texture": "#3"}
			}
		},
		{
			"from": [3, 0, 5],
			"to": [4, 1, 11],
			"rotation": {"angle": 0, "axis": "y", "origin": [3, 0, 5]},
			"faces": {
				"north": {"uv": [12.25, 11.25, 12.75, 11.75], "texture": "#3"},
				"east": {"uv": [13.25, 11.25, 13.75, 11.75], "texture": "#3"},
				"south": {"uv": [14.25, 11.25, 14.75, 11.75], "texture": "#3"},
				"west": {"uv": [15.25, 11.25, 15.75, 11.75], "texture": "#3"},
				"up": {"uv": [0.25, 12.25, 0.75, 12.75], "texture": "#3"},
				"down": {"uv": [1.25, 12.25, 1.75, 12.75], "texture": "#3"}
			}
		},
		{
			"from": [5, 1, 6],
			"to": [11, 2, 10],
			"rotation": {"angle": 0, "axis": "y", "origin": [5, 1, 6]},
			"faces": {
				"north": {"uv": [2.25, 12.25, 2.75, 12.75], "texture": "#3"},
				"east": {"uv": [3.25, 12.25, 3.75, 12.75], "texture": "#3"},
				"south": {"uv": [4.25, 12.25, 4.75, 12.75], "texture": "#3"},
				"west": {"uv": [5.25, 12.25, 5.75, 12.75], "texture": "#3"},
				"up": {"uv": [6.25, 12.25, 6.75, 12.75], "texture": "#3"},
				"down": {"uv": [7.25, 12.25, 7.75, 12.75], "texture": "#3"}
			}
		},
		{
			"from": [7, 3, 3],
			"to": [9, 5, 6],
			"rotation": {"angle": 0, "axis": "y", "origin": [7, 3, 3]},
			"faces": {
				"north": {"uv": [4.03571, 0.16379, 7.25, 3.40517], "texture": "#3"},
				"east": {"uv": [4.46429, 0.16379, 6.17857, 2.37069], "texture": "#3"},
				"south": {"uv": [4.89286, 0.16379, 6.60714, 2.37069], "texture": "#3"},
				"west": {"uv": [5.32143, 0.16379, 7.03571, 2.37069], "texture": "#3"},
				"up": {"uv": [5.75, 0.16379, 7.46429, 2.37069], "texture": "#3"},
				"down": {"uv": [6.17857, 0.16379, 7.89286, 2.37069], "texture": "#3"}
			}
		},
		{
			"from": [7, 5, 4],
			"to": [9, 6, 6],
			"rotation": {"angle": 0, "axis": "y", "origin": [7, 5, 4]},
			"faces": {
				"north": {"uv": [0, 0.57759, 3.60714, 4.85345], "texture": "#3"},
				"east": {"uv": [0.17857, 0.57759, 1.89286, 2.78448], "texture": "#3"},
				"south": {"uv": [0.60714, 0.57759, 2.32143, 2.78448], "texture": "#3"},
				"west": {"uv": [1.03571, 0.57759, 2.75, 2.78448], "texture": "#3"},
				"up": {"uv": [1.46429, 0.57759, 4.57143, 2.88793], "texture": "#3"},
				"down": {"uv": [1.89286, 0.57759, 3.60714, 2.78448], "texture": "#3"}
			}
		},
		{
			"from": [7, 6, 5],
			"to": [9, 7, 7],
			"rotation": {"angle": 0, "axis": "y", "origin": [7, 6, 4]},
			"faces": {
				"north": {"uv": [2.32143, 0.57759, 4.03571, 2.78448], "texture": "#3"},
				"east": {"uv": [2.75, 0.57759, 4.46429, 2.78448], "texture": "#3"},
				"south": {"uv": [3.17857, 0.57759, 4.89286, 2.78448], "texture": "#3"},
				"west": {"uv": [3.60714, 0.57759, 5.32143, 2.78448], "texture": "#3"},
				"up": {"uv": [4.03571, 0.57759, 7.25, 3.81897], "texture": "#3"},
				"down": {"uv": [4.46429, 0.57759, 6.17857, 2.78448], "texture": "#3"}
			}
		}
	],
	"display": {}
}