{
	"credit": "Made with Blockbench",
	"textures": {
		"ak_47_1": "3d/ak_47_1",
		"ak_47_2": "3d/ak_47_2",
		"ak_47_3": "3d/ak_47_3",
		"ak_47_4": "3d/ak_47_4",
		"ak_47_white": "3d/ak_47_white"
	},
	"elements": [
		{
			"name": "1",
			"from": [7.19, 12.125, -4.555],
			"to": [8.81, 12.935, 1.52],
			"faces": {
				"north": {"uv": [7, 6.5, 9, 7.5], "texture": "#ak_47_1"},
				"east": {"uv": [10, 6, 16, 7], "texture": "#ak_47_1"},
				"south": {"uv": [7, 6.5, 9, 7.5], "texture": "#ak_47_1"},
				"west": {"uv": [0, 6, 4, 7], "texture": "#ak_47_1"},
				"up": {"uv": [7, 0, 10, 6], "texture": "#ak_47_1"},
				"down": {"uv": [9, 0, 7, 7], "texture": "#ak_47_1"}
			}
		},
		{
			"name": "1",
			"from": [6.785, 10.1, -4.555],
			"to": [9.215, 11.72, 1.925],
			"faces": {
				"north": {"uv": [6.5, 8, 9.5, 10], "texture": "#ak_47_1"},
				"east": {"uv": [15, 8, 16, 10], "texture": "#ak_47_1"},
				"south": {"uv": [6.5, 8, 9.5, 10], "texture": "#ak_47_1"},
				"west": {"uv": [0, 8, 1, 10], "texture": "#ak_47_1"},
				"up": {"uv": [6.5, 0, 9.5, 1], "texture": "#ak_47_1"},
				"down": {"uv": [9.5, 1, 6.5, 0], "texture": "#ak_47_1"}
			}
		},
		{
			"name": "2",
			"from": [7.595, 12.125, -8.2],
			"to": [8.405, 12.935, -4.96],
			"faces": {
				"north": {"uv": [7.5, 6.5, 8.5, 7.5], "texture": "#ak_47_2"},
				"east": {"uv": [8, 6, 16, 13], "texture": "#ak_47_2"},
				"south": {"uv": [7.5, 6.5, 8.5, 7.5], "texture": "#ak_47_2"},
				"west": {"uv": [0, 6, 6, 9], "texture": "#ak_47_2"},
				"up": {"uv": [7, 0, 8, 5], "texture": "#ak_47_2"},
				"down": {"uv": [9, 0, 8, 4], "texture": "#ak_47_2"}
			}
		},
		{
			"name": "1",
			"from": [7.19, 11.72, -4.555],
			"to": [8.81, 12.125, -3.34],
			"faces": {
				"north": {"uv": [7, 7.5, 9, 8], "texture": "#ak_47_1"},
				"east": {"uv": [12, 6, 16, 8], "texture": "#ak_47_1"},
				"south": {"uv": [7, 7.5, 9, 8], "texture": "#ak_47_1"},
				"west": {"uv": [0, 6, 3, 8], "texture": "#ak_47_1"},
				"up": {"uv": [7, 0, 10, 5], "texture": "#ak_47_1"},
				"down": {"uv": [10, 0, 7, 4], "texture": "#ak_47_1"}
			}
		},
		{
			"name": "1",
			"from": [7.19, 11.72, 0.305],
			"to": [8.81, 12.125, 1.52],
			"faces": {
				"north": {"uv": [7, 7.5, 9, 8], "texture": "#ak_47_1"},
				"east": {"uv": [9, 3, 16, 8], "texture": "#ak_47_1"},
				"south": {"uv": [7, 7.5, 9, 8], "texture": "#ak_47_1"},
				"west": {"uv": [1, 7, 3, 9], "texture": "#ak_47_1"},
				"up": {"uv": [7, 5, 11, 8], "texture": "#ak_47_1"},
				"down": {"uv": [9, 0, 7, 4], "texture": "#ak_47_1"}
			}
		},
		{
			"name": "1",
			"from": [7.19, 11.72, -2.125],
			"to": [8.81, 12.125, -0.91],
			"faces": {
				"north": {"uv": [7, 7.5, 9, 8], "texture": "#ak_47_1"},
				"east": {"uv": [13, 6, 16, 8], "texture": "#ak_47_1"},
				"south": {"uv": [7, 7.5, 9, 8], "texture": "#ak_47_1"},
				"west": {"uv": [0, 6, 2, 8], "texture": "#ak_47_1"},
				"up": {"uv": [7, 0, 11, 6], "texture": "#ak_47_1"},
				"down": {"uv": [10, 0, 7, 4], "texture": "#ak_47_1"}
			}
		},
		{
			"name": "2",
			"from": [7.595, 10.91, -14.68],
			"to": [8.405, 11.72, -4.96],
			"faces": {
				"north": {"uv": [7.5, 8, 8.5, 9], "texture": "#ak_47_2"},
				"east": {"uv": [13, 6, 16, 9], "texture": "#ak_47_2"},
				"south": {"uv": [7.5, 8, 8.5, 9], "texture": "#ak_47_2"},
				"west": {"uv": [0, 7, 5, 9], "texture": "#ak_47_2"},
				"up": {"uv": [7, 0, 9, 4], "texture": "#ak_47_2"},
				"down": {"uv": [9, 0, 7, 5], "texture": "#ak_47_2"}
			}
		},
		{
			"name": "2",
			"from": [7.595, 11.315, -8.2],
			"to": [8.405, 12.935, -7.39],
			"rotation": {"angle": 22.5, "axis": "x", "origin": [7.595, 12.935, -8.2]},
			"faces": {
				"north": {"uv": [7.5, 7.5, 8.5, 8.5], "texture": "#ak_47_2"},
				"east": {"uv": [10, 7, 16, 8], "texture": "#ak_47_2"},
				"south": {"uv": [7.5, 7.5, 8.5, 8.5], "texture": "#ak_47_2"},
				"west": {"uv": [0, 7, 7, 8], "texture": "#ak_47_2"},
				"up": {"uv": [8, 1, 10, 3], "texture": "#ak_47_2"},
				"down": {"uv": [8, 0, 5, 4], "texture": "#ak_47_2"}
			}
		},
		{
			"name": "1",
			"from": [7.19, 9.695, -4.15],
			"to": [8.81, 10.1, 1.52],
			"faces": {
				"north": {"uv": [7, 10, 9, 10.5], "texture": "#ak_47_1"},
				"east": {"uv": [12, 9, 16, 10], "texture": "#ak_47_1"},
				"south": {"uv": [7, 10, 9, 10.5], "texture": "#ak_47_1"},
				"west": {"uv": [0, 9, 3, 10], "texture": "#ak_47_1"},
				"up": {"uv": [7, 0, 9, 5], "texture": "#ak_47_1"},
				"down": {"uv": [9, 0, 7, 6], "texture": "#ak_47_1"}
			}
		},
		{
			"name": "2",
			"from": [7.7975, 10.1, -14.275],
			"to": [8.2025, 10.505, -4.96],
			"faces": {
				"north": {"uv": [7.75, 9.5, 8.25, 10], "texture": "#ak_47_2"},
				"east": {"uv": [10, 8, 16, 10], "texture": "#ak_47_2"},
				"south": {"uv": [7.75, 9.5, 8.25, 10], "texture": "#ak_47_2"},
				"west": {"uv": [0, 9, 8, 11], "texture": "#ak_47_2"},
				"up": {"uv": [7, 0, 9, 9], "texture": "#ak_47_2"},
				"down": {"uv": [8, 0, 8, 4], "texture": "#ak_47_2"}
			}
		},
		{
			"name": "1",
			"from": [7.19, 9.695, 1.52],
			"to": [8.81, 10.1, 2.735],
			"faces": {
				"north": {"uv": [7, 12, 9, 12.5], "texture": "#ak_47_1"},
				"east": {"uv": [9, 7, 16, 12], "texture": "#ak_47_1"},
				"south": {"uv": [7, 12, 9, 12.5], "texture": "#ak_47_1"},
				"west": {"uv": [0, 10, 10, 12], "texture": "#ak_47_1"},
				"up": {"uv": [7, 0, 10, 4], "texture": "#ak_47_1"},
				"down": {"uv": [10, 0, 7, 5], "texture": "#ak_47_1"}
			}
		},
		{
			"name": "1",
			"from": [6.785, 10.91, 1.92],
			"to": [9.215, 12.125, 3.14],
			"faces": {
				"north": {"uv": [6.5, 7.5, 9.5, 9], "texture": "#ak_47_1"},
				"east": {"uv": [14, 7.5, 16, 9], "texture": "#ak_47_1"},
				"south": {"uv": [6.5, 7.5, 9.5, 9], "texture": "#ak_47_1"},
				"west": {"uv": [0, 7.5, 2, 9], "texture": "#ak_47_1"},
				"up": {"uv": [6.5, 0, 9.5, 2], "texture": "#ak_47_1"},
				"down": {"uv": [9.5, 2, 6.5, 0], "texture": "#ak_47_1"}
			}
		},
		{
			"name": "2",
			"from": [7.7975, 10.505, -8.8075],
			"to": [8.2025, 10.91, -7.795],
			"faces": {
				"north": {"uv": [7.75, 9.5, 8.25, 9.75], "texture": "#ak_47_2"},
				"east": {"uv": [14, 8, 16, 10], "texture": "#ak_47_2"},
				"south": {"uv": [7.75, 9.5, 8.25, 9.75], "texture": "#ak_47_2"},
				"west": {"uv": [0, 7, 3, 9], "texture": "#ak_47_2"},
				"up": {"uv": [8, 0, 11, 4], "texture": "#ak_47_2"},
				"down": {"uv": [9, 0, 8, 3], "texture": "#ak_47_2"}
			}
		},
		{
			"name": "2",
			"from": [7.7975, 10.505, -12.25],
			"to": [8.2025, 10.91, -11.44],
			"faces": {
				"north": {"uv": [7.75, 9, 8.25, 9.5], "texture": "#ak_47_2"},
				"east": {"uv": [12, 6, 16, 9], "texture": "#ak_47_2"},
				"south": {"uv": [7.75, 9, 8.25, 9.5], "texture": "#ak_47_2"},
				"west": {"uv": [0, 6, 6, 9], "texture": "#ak_47_2"},
				"up": {"uv": [8, 0, 9, 4], "texture": "#ak_47_2"},
				"down": {"uv": [6, 0, 8, 3], "texture": "#ak_47_2"}
			}
		},
		{
			"name": "2",
			"from": [7.7975, 11.6694, -13.87],
			"to": [8.2025, 12.125, -11.8956],
			"faces": {
				"north": {"uv": [7.75, 7.5, 8.25, 8.0625], "texture": "#ak_47_2"},
				"east": {"uv": [10, 4, 16, 8], "texture": "#ak_47_2"},
				"south": {"uv": [7.75, 7.5, 8.25, 8.0625], "texture": "#ak_47_2"},
				"west": {"uv": [0, 5, 5, 8], "texture": "#ak_47_2"},
				"up": {"uv": [8, 0, 11, 5], "texture": "#ak_47_2"},
				"down": {"uv": [8, 0, 9, 5], "texture": "#ak_47_2"}
			}
		},
		{
			"name": "2",
			"from": [7.7975, 11.72, -13.87],
			"to": [8.2025, 13.34, -13.465],
			"faces": {
				"north": {"uv": [7.75, 6, 8.25, 8], "texture": "#ak_47_2"},
				"east": {"uv": [12, 5, 16, 8], "texture": "#ak_47_2"},
				"south": {"uv": [7.75, 6, 8.25, 8], "texture": "#ak_47_2"},
				"west": {"uv": [0, 4, 3, 8], "texture": "#ak_47_2"},
				"up": {"uv": [8, 0, 8, 3], "texture": "#ak_47_2"},
				"down": {"uv": [8, 0, 9, 4], "texture": "#ak_47_2"}
			}
		},
		{
			"name": "2",
			"from": [7.7975, 11.1631, -12.9588],
			"to": [8.2025, 13.5931, -12.5538],
			"rotation": {"angle": -22.5, "axis": "x", "origin": [7.7975, 13.5931, -12.9588]},
			"faces": {
				"north": {"uv": [7.75, 6, 8.25, 8], "texture": "#ak_47_2"},
				"east": {"uv": [12, 6, 16, 8], "texture": "#ak_47_2"},
				"south": {"uv": [7.75, 6, 8.25, 8], "texture": "#ak_47_2"},
				"west": {"uv": [0, 6, 2, 8], "texture": "#ak_47_2"},
				"up": {"uv": [8, 0, 10, 4], "texture": "#ak_47_2"},
				"down": {"uv": [8, 0, 8, 4], "texture": "#ak_47_2"}
			}
		},
		{
			"name": "2",
			"from": [7.7975, 12.53, -12.655],
			"to": [8.2025, 12.935, -12.25],
			"faces": {
				"north": {"uv": [7.75, 6.5, 8.25, 7], "texture": "#ak_47_2"},
				"east": {"uv": [14, 6, 16, 7], "texture": "#ak_47_2"},
				"south": {"uv": [7.75, 6.5, 8.25, 7], "texture": "#ak_47_2"},
				"west": {"uv": [0, 5, 2, 7], "texture": "#ak_47_2"},
				"up": {"uv": [8, 0, 9, 3], "texture": "#ak_47_2"},
				"down": {"uv": [8, 1, 8, 3], "texture": "#ak_47_2"}
			}
		},
		{
			"name": "2",
			"from": [7.7975, 12.53, -13.87],
			"to": [8.2025, 13.745, -12.655],
			"faces": {
				"north": {"uv": [7.75, 5.5, 8.25, 7], "texture": "#ak_47_2"},
				"east": {"uv": [13, 5, 16, 7], "texture": "#ak_47_2"},
				"south": {"uv": [7.75, 5.5, 8.25, 7], "texture": "#ak_47_2"},
				"west": {"uv": [0, 5, 2, 7], "texture": "#ak_47_2"},
				"up": {"uv": [8, 0, 9, 3], "texture": "#ak_47_2"},
				"down": {"uv": [8, 0, 8, 2], "texture": "#ak_47_2"}
			}
		},
		{
			"name": "3",
			"from": [7.595, 12.125, 1.52],
			"to": [8.405, 12.935, 1.925],
			"faces": {
				"north": {"uv": [7.5, 2.5, 8.5, 3.5], "texture": "#ak_47_3"},
				"east": {"uv": [15.5, 2.5, 16, 3.5], "texture": "#ak_47_3"},
				"south": {"uv": [7.5, 2.5, 8.5, 3.5], "texture": "#ak_47_3"},
				"west": {"uv": [0, 2.5, 0.5, 3.5], "texture": "#ak_47_3"},
				"up": {"uv": [7.5, 0, 8.5, 0.5], "texture": "#ak_47_3"},
				"down": {"uv": [8.5, 0.5, 7.5, 0], "texture": "#ak_47_3"}
			}
		},
		{
			"name": "1",
			"from": [6.785, 9.0875, 2.33],
			"to": [9.215, 10.91, 3.14],
			"faces": {
				"north": {"uv": [6.5, 8, 9.5, 10], "texture": "#ak_47_1"},
				"east": {"uv": [5, 8, 15, 10], "texture": "#ak_47_1"},
				"south": {"uv": [6.5, 8, 9.5, 10], "texture": "#ak_47_1"},
				"west": {"uv": [1, 8, 11, 10], "texture": "#ak_47_1"},
				"up": {"uv": [6.5, 1, 9.5, 11], "texture": "#ak_47_1"},
				"down": {"uv": [9.5, 11, 6.5, 1], "texture": "#ak_47_1"}
			}
		},
		{
			"name": "3",
			"from": [6.9875, 9.29, 3.14],
			"to": [9.0125, 10.1, 16.91],
			"faces": {
				"north": {"uv": [6.75, 6, 9.25, 7], "texture": "#ak_47_3"},
				"east": {"uv": [0, 6, 14, 7], "texture": "#ak_47_3"},
				"south": {"uv": [6.75, 6, 9.25, 7], "texture": "#ak_47_3"},
				"west": {"uv": [2, 6, 16, 7], "texture": "#ak_47_3"},
				"up": {"uv": [6.75, 2, 9.25, 16], "texture": "#ak_47_3"},
				"down": {"uv": [9.25, 16, 6.75, 2], "texture": "#ak_47_3"}
			}
		},
		{
			"name": "3",
			"from": [7.19, 12.935, 4.355],
			"to": [8.81, 13.34, 15.29],
			"faces": {
				"north": {"uv": [7, 2, 9, 2.5], "texture": "#ak_47_3"},
				"east": {"uv": [0, 2, 12.5, 2.5], "texture": "#ak_47_3"},
				"south": {"uv": [7, 2, 9, 2.5], "texture": "#ak_47_3"},
				"west": {"uv": [3.5, 2, 16, 2.5], "texture": "#ak_47_3"},
				"up": {"uv": [7, 3.5, 9, 16], "texture": "#ak_47_3"},
				"down": {"uv": [9, 16, 7, 3.5], "texture": "#ak_47_3"}
			}
		},
		{
			"name": "3",
			"from": [7.595, 13.34, 1.925],
			"to": [8.405, 13.745, 4.76],
			"faces": {
				"north": {"uv": [7.5, 1.5, 8.5, 2], "texture": "#ak_47_3"},
				"east": {"uv": [12, 1.5, 15.5, 2], "texture": "#ak_47_3"},
				"south": {"uv": [7.5, 1.5, 8.5, 2], "texture": "#ak_47_3"},
				"west": {"uv": [0.5, 1.5, 4, 2], "texture": "#ak_47_3"},
				"up": {"uv": [7.5, 0.5, 8.5, 4], "texture": "#ak_47_3"},
				"down": {"uv": [8.5, 4, 7.5, 0.5], "texture": "#ak_47_3"}
			}
		},
		{
			"name": "3",
			"from": [7.595, 13.34, 4.355],
			"to": [8.405, 14.15, 4.76],
			"faces": {
				"north": {"uv": [7.5, 1, 8.5, 2], "texture": "#ak_47_3"},
				"east": {"uv": [12, 1, 12.5, 2], "texture": "#ak_47_3"},
				"south": {"uv": [7.5, 1, 8.5, 2], "texture": "#ak_47_3"},
				"west": {"uv": [3.5, 1, 4, 2], "texture": "#ak_47_3"},
				"up": {"uv": [7.5, 3.5, 8.5, 4], "texture": "#ak_47_3"},
				"down": {"uv": [8.5, 4, 7.5, 3.5], "texture": "#ak_47_3"}
			}
		},
		{
			"name": "1",
			"from": [7.3925, 12.935, -4.555],
			"to": [8.6075, 13.34, 1.52],
			"faces": {
				"north": {"uv": [7, 6, 9, 6.5], "texture": "#ak_47_1"},
				"east": {"uv": [13, 5, 16, 6], "texture": "#ak_47_1"},
				"south": {"uv": [7, 6, 9, 6.5], "texture": "#ak_47_1"},
				"west": {"uv": [0, 6, 4, 7], "texture": "#ak_47_1"},
				"up": {"uv": [2, 3, 8, 8], "texture": "#ak_47_1"},
				"down": {"uv": [9, 0, 7, 3], "texture": "#ak_47_1"}
			}
		},
		{
			"name": "2",
			"from": [7.595, 13.34, -13.87],
			"to": [8.405, 13.745, -12.5538],
			"faces": {
				"north": {"uv": [7.5, 5.5, 8.5, 6], "texture": "#ak_47_2"},
				"east": {"uv": [15, 5, 16, 6], "texture": "#ak_47_2"},
				"south": {"uv": [7.5, 5.5, 8.5, 6], "texture": "#ak_47_2"},
				"west": {"uv": [0, 5, 3, 6], "texture": "#ak_47_2"},
				"up": {"uv": [7, 0, 9, 3], "texture": "#ak_47_2"},
				"down": {"uv": [8, 0, 6, 2], "texture": "#ak_47_2"}
			}
		},
		{
			"name": "3",
			"from": [6.9875, 12.125, 1.925],
			"to": [9.0125, 13.34, 4.355],
			"faces": {
				"north": {"uv": [6.75, 2, 9.25, 3.5], "texture": "#ak_47_3"},
				"east": {"uv": [12.5, 2, 15.5, 3.5], "texture": "#ak_47_3"},
				"south": {"uv": [6.75, 2, 9.25, 3.5], "texture": "#ak_47_3"},
				"west": {"uv": [0.5, 2, 3.5, 3.5], "texture": "#ak_47_3"},
				"up": {"uv": [6.75, 0.5, 9.25, 3.5], "texture": "#ak_47_3"},
				"down": {"uv": [9.25, 3.5, 6.75, 0.5], "texture": "#ak_47_3"}
			}
		},
		{
			"name": "1",
			"from": [6.785, 9.99875, 1.92437],
			"to": [9.215, 10.9138, 2.33937],
			"faces": {
				"north": {"uv": [6.5, 8, 9.5, 10], "texture": "#ak_47_1"},
				"east": {"uv": [5, 8, 15, 10], "texture": "#ak_47_1"},
				"south": {"uv": [6.5, 8, 9.5, 10], "texture": "#ak_47_1"},
				"west": {"uv": [1, 8, 11, 10], "texture": "#ak_47_1"},
				"up": {"uv": [6.5, 1, 9.5, 11], "texture": "#ak_47_1"},
				"down": {"uv": [9.5, 11, 6.5, 1], "texture": "#ak_47_1"}
			}
		},
		{
			"name": "4",
			"from": [7.19, 6.455, 5.975],
			"to": [8.81, 9.695, 9.215],
			"rotation": {"angle": 22.5, "axis": "x", "origin": [7.19, 9.695, 5.975]},
			"faces": {
				"north": {"uv": [6.5, 8, 9, 11], "texture": "#ak_47_4"},
				"east": {"uv": [0, 8, 14, 11], "texture": "#ak_47_4"},
				"south": {"uv": [7, 8, 9.5, 11], "texture": "#ak_47_4"},
				"west": {"uv": [2, 8, 16, 11], "texture": "#ak_47_4"},
				"up": {"uv": [7, 2, 9.5, 16], "texture": "#ak_47_4"},
				"down": {"uv": [9, 16, 6.5, 2], "texture": "#ak_47_4"}
			}
		},
		{
			"name": "4",
			"from": [7.19, 8.42938, 7.44313],
			"to": [8.81, 10.0494, 9.46813],
			"rotation": {"angle": 22.5, "axis": "x", "origin": [7.19, 10.0494, 7.44313]},
			"faces": {
				"north": {"uv": [6.5, 8, 9, 11], "texture": "#ak_47_4"},
				"east": {"uv": [0, 8, 14, 11], "texture": "#ak_47_4"},
				"south": {"uv": [7, 8, 9.5, 11], "texture": "#ak_47_4"},
				"west": {"uv": [2, 8, 16, 11], "texture": "#ak_47_4"},
				"up": {"uv": [7, 2, 9.5, 16], "texture": "#ak_47_4"},
				"down": {"uv": [9, 16, 6.5, 2], "texture": "#ak_47_4"}
			}
		},
		{
			"name": "4",
			"from": [7.19, 4.49683, 5.44243],
			"to": [8.81, 7.73683, 8.68243],
			"rotation": {"angle": 45, "axis": "x", "origin": [7.19, 7.73683, 5.44243]},
			"faces": {
				"north": {"uv": [6.5, 8, 9, 11], "texture": "#ak_47_4"},
				"east": {"uv": [0, 8, 14, 11], "texture": "#ak_47_4"},
				"south": {"uv": [7, 8, 9.5, 11], "texture": "#ak_47_4"},
				"west": {"uv": [2, 8, 16, 11], "texture": "#ak_47_4"},
				"up": {"uv": [7, 2, 9.5, 16], "texture": "#ak_47_4"},
				"down": {"uv": [9, 16, 6.5, 2], "texture": "#ak_47_4"}
			}
		},
		{
			"name": "4",
			"from": [7.19, 1.84812, 1.62125],
			"to": [8.81, 5.08812, 4.45625],
			"rotation": {"angle": -22.5, "axis": "x", "origin": [7.19, 5.08812, 1.62125]},
			"faces": {
				"north": {"uv": [6.5, 8, 9, 11], "texture": "#ak_47_4"},
				"east": {"uv": [0, 8, 14, 11], "texture": "#ak_47_4"},
				"south": {"uv": [7, 8, 9.5, 11], "texture": "#ak_47_4"},
				"west": {"uv": [2, 8, 16, 11], "texture": "#ak_47_4"},
				"up": {"uv": [7, 2, 9.5, 16], "texture": "#ak_47_4"},
				"down": {"uv": [9, 16, 6.5, 2], "texture": "#ak_47_4"}
			}
		},
		{
			"name": "3",
			"from": [7.595, 8.075, 9.62],
			"to": [8.405, 9.29, 10.835],
			"faces": {
				"north": {"uv": [7.5, 7, 8.5, 8.5], "texture": "#ak_47_3"},
				"east": {"uv": [4.5, 7, 6, 8.5], "texture": "#ak_47_3"},
				"south": {"uv": [7.5, 7, 8.5, 8.5], "texture": "#ak_47_3"},
				"west": {"uv": [10, 7, 11.5, 8.5], "texture": "#ak_47_3"},
				"up": {"uv": [7.5, 10, 8.5, 11.5], "texture": "#ak_47_3"},
				"down": {"uv": [8.5, 11.5, 7.5, 10], "texture": "#ak_47_3"}
			}
		},
		{
			"name": "3",
			"from": [7.595, 6.86, 10.025],
			"to": [8.405, 8.075, 10.43],
			"faces": {
				"north": {"uv": [7.5, 8.5, 8.5, 10], "texture": "#ak_47_3"},
				"east": {"uv": [5, 8.5, 5.5, 10], "texture": "#ak_47_3"},
				"south": {"uv": [7.5, 8.5, 8.5, 10], "texture": "#ak_47_3"},
				"west": {"uv": [10.5, 8.5, 11, 10], "texture": "#ak_47_3"},
				"up": {"uv": [7.5, 10.5, 8.5, 11], "texture": "#ak_47_3"},
				"down": {"uv": [8.5, 11, 7.5, 10.5], "texture": "#ak_47_3"}
			}
		},
		{
			"name": "3",
			"from": [7.595, 8.885, 12.05],
			"to": [8.405, 9.29, 13.265],
			"faces": {
				"north": {"uv": [7.5, 7, 8.5, 7.5], "texture": "#ak_47_3"},
				"east": {"uv": [1.5, 7, 3, 7.5], "texture": "#ak_47_3"},
				"south": {"uv": [7.5, 7, 8.5, 7.5], "texture": "#ak_47_3"},
				"west": {"uv": [13, 7, 14.5, 7.5], "texture": "#ak_47_3"},
				"up": {"uv": [7.5, 13, 8.5, 14.5], "texture": "#ak_47_3"},
				"down": {"uv": [8.5, 14.5, 7.5, 13], "texture": "#ak_47_3"}
			}
		},
		{
			"name": "3",
			"from": [7.19, 6.86, 10.835],
			"to": [8.81, 7.265, 13.67],
			"faces": {
				"north": {"uv": [7, 9.5, 9, 10], "texture": "#ak_47_3"},
				"east": {"uv": [1, 9.5, 4.5, 10], "texture": "#ak_47_3"},
				"south": {"uv": [7, 9.5, 9, 10], "texture": "#ak_47_3"},
				"west": {"uv": [11.5, 9.5, 15, 10], "texture": "#ak_47_3"},
				"up": {"uv": [7, 11.5, 9, 15], "texture": "#ak_47_3"},
				"down": {"uv": [9, 15, 7, 11.5], "texture": "#ak_47_3"}
			}
		},
		{
			"name": "3",
			"from": [7.19, 6.86, 10.835],
			"to": [8.81, 9.29, 11.24],
			"faces": {
				"north": {"uv": [7, 7, 9, 10], "texture": "#ak_47_3"},
				"east": {"uv": [4, 7, 4.5, 10], "texture": "#ak_47_3"},
				"south": {"uv": [7, 7, 9, 10], "texture": "#ak_47_3"},
				"west": {"uv": [11.5, 7, 12, 10], "texture": "#ak_47_3"},
				"up": {"uv": [7, 11.5, 9, 12], "texture": "#ak_47_3"},
				"down": {"uv": [9, 12, 7, 11.5], "texture": "#ak_47_3"}
			}
		},
		{
			"name": "3",
			"from": [6.9875, 10.1, 3.14],
			"to": [9.0125, 12.125, 4.355],
			"faces": {
				"north": {"uv": [6.75, 3.5, 9.25, 6], "texture": "#ak_47_3"},
				"east": {"uv": [12.5, 3.5, 14, 6], "texture": "#ak_47_3"},
				"south": {"uv": [6.75, 3.5, 9.25, 6], "texture": "#ak_47_3"},
				"west": {"uv": [2, 3.5, 3.5, 6], "texture": "#ak_47_3"},
				"up": {"uv": [6.75, 2, 9.25, 3.5], "texture": "#ak_47_3"},
				"down": {"uv": [9.25, 3.5, 6.75, 2], "texture": "#ak_47_3"}
			}
		},
		{
			"name": "4",
			"from": [7.19, 8.48, 6.785],
			"to": [8.81, 9.29, 7.595],
			"faces": {
				"north": {"uv": [6.5, 8, 9, 11], "texture": "#ak_47_4"},
				"east": {"uv": [0, 8, 14, 11], "texture": "#ak_47_4"},
				"south": {"uv": [7, 8, 9.5, 11], "texture": "#ak_47_4"},
				"west": {"uv": [2, 8, 16, 11], "texture": "#ak_47_4"},
				"up": {"uv": [7, 2, 9.5, 16], "texture": "#ak_47_4"},
				"down": {"uv": [9, 16, 6.5, 2], "texture": "#ak_47_4"}
			}
		},
		{
			"name": "3",
			"from": [6.9875, 10.91, 3.95],
			"to": [9.0125, 12.125, 16.1],
			"faces": {
				"north": {"uv": [6.75, 3.5, 9.25, 5], "texture": "#ak_47_3"},
				"east": {"uv": [0, 3.5, 13, 5], "texture": "#ak_47_3"},
				"south": {"uv": [6.75, 3.5, 9.25, 5], "texture": "#ak_47_3"},
				"west": {"uv": [3, 3.5, 16, 5], "texture": "#ak_47_3"},
				"up": {"uv": [6.75, 3, 9.25, 16], "texture": "#ak_47_3"},
				"down": {"uv": [9.25, 16, 6.75, 3], "texture": "#ak_47_3"}
			}
		},
		{
			"name": "3",
			"from": [6.9875, 10.1, 7.595],
			"to": [9.0125, 10.91, 16.91],
			"faces": {
				"north": {"uv": [6.75, 5, 9.25, 6], "texture": "#ak_47_3"},
				"east": {"uv": [0, 5, 8.5, 6], "texture": "#ak_47_3"},
				"south": {"uv": [6.75, 5, 9.25, 6], "texture": "#ak_47_3"},
				"west": {"uv": [7.5, 5, 16, 6], "texture": "#ak_47_3"},
				"up": {"uv": [6.75, 7.5, 9.25, 16], "texture": "#ak_47_3"},
				"down": {"uv": [9.25, 16, 6.75, 7.5], "texture": "#ak_47_3"}
			}
		},
		{
			"name": "3",
			"from": [7.595, 8.37875, 12.455],
			"to": [8.405, 8.885, 12.86],
			"faces": {
				"north": {"uv": [7.5, 7.5, 8.5, 8.125], "texture": "#ak_47_3"},
				"east": {"uv": [2, 7.5, 2.5, 8.125], "texture": "#ak_47_3"},
				"south": {"uv": [7.5, 7.5, 8.5, 8.125], "texture": "#ak_47_3"},
				"west": {"uv": [13.5, 7.5, 14, 8.125], "texture": "#ak_47_3"},
				"up": {"uv": [7.5, 13.5, 8.5, 14], "texture": "#ak_47_3"},
				"down": {"uv": [8.5, 14, 7.5, 13.5], "texture": "#ak_47_3"}
			}
		},
		{
			"name": "3",
			"from": [7.595, 7.72063, 12.5056],
			"to": [8.405, 8.53063, 12.9106],
			"rotation": {"angle": 22.5, "axis": "x", "origin": [7.595, 8.53063, 12.5056]},
			"faces": {
				"north": {"uv": [7.5, 7.9375, 8.5, 8.9375], "texture": "#ak_47_3"},
				"east": {"uv": [1.9375, 7.9375, 2.4375, 8.9375], "texture": "#ak_47_3"},
				"south": {"uv": [7.5, 7.9375, 8.5, 8.9375], "texture": "#ak_47_3"},
				"west": {"uv": [13.5625, 7.9375, 14.0625, 8.9375], "texture": "#ak_47_3"},
				"up": {"uv": [7.5, 13.5625, 8.5, 14.0625], "texture": "#ak_47_3"},
				"down": {"uv": [8.5, 14.0625, 7.5, 13.5625], "texture": "#ak_47_3"}
			}
		},
		{
			"name": "3",
			"from": [7.19, 10.1, 4.355],
			"to": [8.81, 10.91, 7.595],
			"faces": {
				"north": {"uv": [7, 5, 9, 6], "texture": "#ak_47_3"},
				"east": {"uv": [8.5, 5, 12.5, 6], "texture": "#ak_47_3"},
				"south": {"uv": [7, 5, 9, 6], "texture": "#ak_47_3"},
				"west": {"uv": [3.5, 5, 7.5, 6], "texture": "#ak_47_3"},
				"up": {"uv": [7, 3.5, 9, 7.5], "texture": "#ak_47_3"},
				"down": {"uv": [9, 7.5, 7, 3.5], "texture": "#ak_47_3"}
			}
		},
		{
			"name": "3",
			"from": [6.785, 10.91, 10.835],
			"to": [9.215, 11.72, 14.075],
			"faces": {
				"north": {"uv": [6.5, 4, 9.5, 5], "texture": "#ak_47_3"},
				"east": {"uv": [0.5, 4, 4.5, 5], "texture": "#ak_47_3"},
				"south": {"uv": [6.5, 4, 9.5, 5], "texture": "#ak_47_3"},
				"west": {"uv": [11.5, 4, 15.5, 5], "texture": "#ak_47_3"},
				"up": {"uv": [6.5, 11.5, 9.5, 15.5], "texture": "#ak_47_3"},
				"down": {"uv": [9.5, 15.5, 6.5, 11.5], "texture": "#ak_47_3"}
			}
		},
		{
			"name": "3",
			"from": [6.9875, 8.48, 13.67],
			"to": [9.0125, 9.29, 16.91],
			"faces": {
				"north": {"uv": [6.75, 7, 9.25, 8], "texture": "#ak_47_3"},
				"east": {"uv": [0, 7, 1, 8], "texture": "#ak_47_3"},
				"south": {"uv": [6.75, 7, 9.25, 8], "texture": "#ak_47_3"},
				"west": {"uv": [15, 7, 16, 8], "texture": "#ak_47_3"},
				"up": {"uv": [6.75, 15, 9.25, 16], "texture": "#ak_47_3"},
				"down": {"uv": [9.25, 16, 6.75, 15], "texture": "#ak_47_3"}
			}
		},
		{
			"name": "3",
			"from": [6.9875, 6.86, 13.67],
			"to": [9.0125, 8.48, 15.29],
			"faces": {
				"north": {"uv": [6.75, 8, 9.25, 10], "texture": "#ak_47_3"},
				"east": {"uv": [0, 8, 1, 10], "texture": "#ak_47_3"},
				"south": {"uv": [6.75, 8, 9.25, 10], "texture": "#ak_47_3"},
				"west": {"uv": [15, 8, 16, 10], "texture": "#ak_47_3"},
				"up": {"uv": [6.75, 15, 9.25, 16], "texture": "#ak_47_3"},
				"down": {"uv": [9.25, 16, 6.75, 15], "texture": "#ak_47_3"}
			}
		},
		{
			"name": "3",
			"from": [6.9875, 4.025, 14.075],
			"to": [9.0125, 8.075, 16.1],
			"rotation": {"angle": -22.5, "axis": "x", "origin": [6.9875, 8.075, 14.075]},
			"faces": {
				"north": {"uv": [6.75, 8.5, 9.25, 13.5], "texture": "#ak_47_3"},
				"east": {"uv": [0, 8.5, 0.5, 13.5], "texture": "#ak_47_3"},
				"south": {"uv": [6.75, 8.5, 9.25, 13.5], "texture": "#ak_47_3"},
				"west": {"uv": [15.5, 8.5, 16, 13.5], "texture": "#ak_47_3"},
				"up": {"uv": [6.75, 15.5, 9.25, 16], "texture": "#ak_47_3"},
				"down": {"uv": [9.25, 16, 6.75, 15.5], "texture": "#ak_47_3"}
			}
		},
		{
			"name": "3",
			"from": [7.19, 12.53, 15.29],
			"to": [8.81, 13.34, 16.505],
			"rotation": {"angle": 45, "axis": "x", "origin": [7.19, 13.34, 15.29]},
			"faces": {
				"north": {"uv": [7, 2, 9, 3], "texture": "#ak_47_3"},
				"east": {"uv": [0, 2, 0, 3], "texture": "#ak_47_3"},
				"south": {"uv": [7, 2, 9, 3], "texture": "#ak_47_3"},
				"west": {"uv": [16, 2, 16, 3], "texture": "#ak_47_3"},
				"up": {"uv": [7, 16, 9, 16], "texture": "#ak_47_3"},
				"down": {"uv": [9, 16, 7, 16], "texture": "#ak_47_3"}
			}
		},
		{
			"name": "3",
			"from": [6.9875, 11.315, 16.1],
			"to": [9.0125, 12.53, 17.315],
			"rotation": {"angle": 45, "axis": "x", "origin": [6.9875, 12.53, 16.1]},
			"faces": {
				"north": {"uv": [6.75, 3, 9.25, 4.5], "texture": "#ak_47_3"},
				"east": {"uv": [0, 3, 3, 6], "texture": "#ak_47_3"},
				"south": {"uv": [6.75, 3, 9.25, 4.5], "texture": "#ak_47_3"},
				"west": {"uv": [13, 3, 16, 5], "texture": "#ak_47_3"},
				"up": {"uv": [7, 11, 11, 16], "texture": "#ak_47_3"},
				"down": {"uv": [10, 10, 7, 16], "texture": "#ak_47_3"}
			}
		},
		{
			"name": "3",
			"from": [6.9875, 10.91, 16.1],
			"to": [9.0125, 11.72, 16.91],
			"faces": {
				"north": {"uv": [6.75, 4, 9.25, 5], "texture": "#ak_47_3"},
				"east": {"uv": [0, 4, 0, 5], "texture": "#ak_47_3"},
				"south": {"uv": [6.75, 4, 9.25, 5], "texture": "#ak_47_3"},
				"west": {"uv": [16, 4, 16, 5], "texture": "#ak_47_3"},
				"up": {"uv": [6.75, 16, 9.25, 16], "texture": "#ak_47_3"},
				"down": {"uv": [9.25, 16, 6.75, 16], "texture": "#ak_47_3"}
			}
		},
		{
			"name": "1",
			"from": [6.785, 9.29, 16.91],
			"to": [9.215, 11.72, 29.87],
			"faces": {
				"north": {"uv": [6.5, 7.5, 9.5, 9], "texture": "#ak_47_1"},
				"east": {"uv": [14, 7.5, 16, 9], "texture": "#ak_47_1"},
				"south": {"uv": [6.5, 7.5, 9.5, 9], "texture": "#ak_47_1"},
				"west": {"uv": [0, 7.5, 2, 9], "texture": "#ak_47_1"},
				"up": {"uv": [6.5, 0, 9.5, 2], "texture": "#ak_47_1"},
				"down": {"uv": [9.5, 2, 6.5, 0], "texture": "#ak_47_1"}
			}
		},
		{
			"name": "1",
			"from": [6.785, 9.29, 19.745],
			"to": [9.215, 11.72, 30.68],
			"rotation": {"angle": 22.5, "axis": "x", "origin": [6.785, 11.72, 19.745]},
			"faces": {
				"north": {"uv": [6.5, 7.5, 9.5, 9], "texture": "#ak_47_1"},
				"east": {"uv": [14, 7.5, 16, 9], "texture": "#ak_47_1"},
				"south": {"uv": [6.5, 7.5, 9.5, 9], "texture": "#ak_47_1"},
				"west": {"uv": [0, 7.5, 2, 9], "texture": "#ak_47_1"},
				"up": {"uv": [6.5, 0, 9.5, 2], "texture": "#ak_47_1"},
				"down": {"uv": [9.5, 2, 6.5, 0], "texture": "#ak_47_1"}
			}
		},
		{
			"name": "1",
			"from": [6.785, 7.56875, 23.795],
			"to": [9.215, 10.1, 29.87],
			"faces": {
				"north": {"uv": [6.5, 7.5, 9.5, 9], "texture": "#ak_47_1"},
				"east": {"uv": [14, 7.5, 16, 9], "texture": "#ak_47_1"},
				"south": {"uv": [6.5, 7.5, 9.5, 9], "texture": "#ak_47_1"},
				"west": {"uv": [0, 7.5, 2, 9], "texture": "#ak_47_1"},
				"up": {"uv": [6.5, 0, 9.5, 2], "texture": "#ak_47_1"},
				"down": {"uv": [9.5, 2, 6.5, 0], "texture": "#ak_47_1"}
			}
		},
		{
			"name": "3",
			"from": [7.19, 4.07562, 15.7963],
			"to": [8.81, 4.48062, 17.4163],
			"rotation": {"angle": -22.5, "axis": "x", "origin": [7.19, 4.48062, 15.7963]},
			"faces": {
				"north": {"uv": [7, 12.9375, 9, 13.4375], "texture": "#ak_47_3"},
				"east": {"uv": [0, 11, 4, 13], "texture": "#ak_47_3"},
				"south": {"uv": [7, 12.9375, 9, 13.4375], "texture": "#ak_47_3"},
				"west": {"uv": [11, 12, 16, 13], "texture": "#ak_47_3"},
				"up": {"uv": [6, 8, 9, 16], "texture": "#ak_47_3"},
				"down": {"uv": [10, 3, 7, 8], "texture": "#ak_47_3"}
			}
		},
		{
			"name": "4",
			"from": [7.3925, 1.89875, 1.36812],
			"to": [8.6075, 4.73375, 1.77312],
			"rotation": {"angle": -22.5, "axis": "x", "origin": [7.3925, 4.73375, 1.36812]},
			"faces": {
				"north": {"uv": [6.5, 8, 9, 11], "texture": "#ak_47_4"},
				"east": {"uv": [0, 8, 14, 11], "texture": "#ak_47_4"},
				"south": {"uv": [7, 8, 9.5, 11], "texture": "#ak_47_4"},
				"west": {"uv": [2, 8, 16, 11], "texture": "#ak_47_4"},
				"up": {"uv": [7, 2, 9.5, 16], "texture": "#ak_47_4"},
				"down": {"uv": [9, 16, 6.5, 2], "texture": "#ak_47_4"}
			}
		},
		{
			"name": "2",
			"from": [7.19, 11.72, -4.96],
			"to": [8.81, 12.935, -4.555],
			"faces": {
				"north": {"uv": [7, 6.5, 9, 7.5], "texture": "#ak_47_2"},
				"east": {"uv": [13, 6, 16, 7], "texture": "#ak_47_2"},
				"south": {"uv": [7, 6.5, 9, 7.5], "texture": "#ak_47_2"},
				"west": {"uv": [0, 6, 1, 7], "texture": "#ak_47_2"},
				"up": {"uv": [7, 0, 9, 3], "texture": "#ak_47_2"},
				"down": {"uv": [9, 0, 7, 3], "texture": "#ak_47_2"}
			}
		},
		{
			"name": "2",
			"from": [7.3925, 12.935, -4.96],
			"to": [8.6075, 13.34, -4.555],
			"faces": {
				"north": {"uv": [7, 6, 9, 6.5], "texture": "#ak_47_2"},
				"east": {"uv": [16, 6, 16, 6.5], "texture": "#ak_47_2"},
				"south": {"uv": [7, 6, 9, 6.5], "texture": "#ak_47_2"},
				"west": {"uv": [0, 6, 0, 6.5], "texture": "#ak_47_2"},
				"up": {"uv": [7, 0, 9, 0], "texture": "#ak_47_2"},
				"down": {"uv": [9, 0, 7, 0], "texture": "#ak_47_2"}
			}
		},
		{
			"name": "2",
			"from": [6.785, 10.1, -4.96],
			"to": [9.215, 11.72, -4.555],
			"faces": {
				"north": {"uv": [6.5, 8, 9.5, 10], "texture": "#ak_47_2"},
				"east": {"uv": [15, 8, 16, 10], "texture": "#ak_47_2"},
				"south": {"uv": [6.5, 8, 9.5, 10], "texture": "#ak_47_2"},
				"west": {"uv": [0, 8, 1, 10], "texture": "#ak_47_2"},
				"up": {"uv": [6.5, 0, 9.5, 1], "texture": "#ak_47_2"},
				"down": {"uv": [9.5, 1, 6.5, 0], "texture": "#ak_47_2"}
			}
		},
		{
			"name": "2",
			"from": [7.19, 9.695, -4.555],
			"to": [8.81, 10.1, -4.15],
			"faces": {
				"north": {"uv": [7, 10, 9, 10.5], "texture": "#ak_47_2"},
				"east": {"uv": [8, 8, 16, 10], "texture": "#ak_47_2"},
				"south": {"uv": [7, 10, 9, 10.5], "texture": "#ak_47_2"},
				"west": {"uv": [0, 10, 4, 10], "texture": "#ak_47_2"},
				"up": {"uv": [7, 0, 10, 4], "texture": "#ak_47_2"},
				"down": {"uv": [8.62, 0, 7, 0.405], "texture": "#ak_47_2"}
			}
		},
		{
			"name": "3",
			"from": [7.34187, 8.48, 10.025],
			"to": [8.70875, 8.885, 10.43],
			"faces": {
				"north": {"uv": [7.125, 7.5, 8.8125, 8], "texture": "#ak_47_3"},
				"east": {"uv": [5, 7.5, 5.5, 8], "texture": "#ak_47_3"},
				"south": {"uv": [7.1875, 7.5, 8.875, 8], "texture": "#ak_47_3"},
				"west": {"uv": [10.5, 7.5, 11, 8], "texture": "#ak_47_3"},
				"up": {"uv": [7.1875, 10.5, 8.875, 11], "texture": "#ak_47_3"},
				"down": {"uv": [8.8125, 11, 7.125, 10.5], "texture": "#ak_47_3"}
			}
		},
		{
			"name": "white",
			"from": [6.9875, 12.125, 4.355],
			"to": [9.0125, 12.53, 9.215],
			"faces": {
				"north": {"uv": [6.5, 8, 9, 11], "texture": "#ak_47_white"},
				"east": {"uv": [0, 8, 14, 11], "texture": "#ak_47_white"},
				"south": {"uv": [7, 8, 9.5, 11], "texture": "#ak_47_white"},
				"west": {"uv": [2, 8, 16, 11], "texture": "#ak_47_white"},
				"up": {"uv": [7, 2, 9.5, 16], "texture": "#ak_47_white"},
				"down": {"uv": [9, 16, 6.5, 2], "texture": "#ak_47_white"}
			}
		},
		{
			"name": "3",
			"from": [6.9875, 12.125, 9.215],
			"to": [9.0125, 12.53, 16.1],
			"faces": {
				"north": {"uv": [6.75, 3, 9.25, 3.5], "texture": "#ak_47_3"},
				"east": {"uv": [0, 3, 6.5, 3.5], "texture": "#ak_47_3"},
				"south": {"uv": [6.75, 3, 9.25, 3.5], "texture": "#ak_47_3"},
				"west": {"uv": [9.5, 3, 16, 3.5], "texture": "#ak_47_3"},
				"up": {"uv": [6.75, 9.5, 9.25, 16], "texture": "#ak_47_3"},
				"down": {"uv": [9.25, 16, 6.75, 9.5], "texture": "#ak_47_3"}
			}
		},
		{
			"name": "3",
			"from": [7.19, 12.53, 9.215],
			"to": [8.81, 12.935, 15.695],
			"faces": {
				"north": {"uv": [7, 2.5, 9, 3], "texture": "#ak_47_3"},
				"east": {"uv": [0, 2.5, 6.5, 3], "texture": "#ak_47_3"},
				"south": {"uv": [7, 2.5, 9, 3], "texture": "#ak_47_3"},
				"west": {"uv": [9.5, 2.5, 16, 3], "texture": "#ak_47_3"},
				"up": {"uv": [7, 9.5, 9, 16], "texture": "#ak_47_3"},
				"down": {"uv": [9, 16, 7, 9.5], "texture": "#ak_47_3"}
			}
		},
		{
			"name": "white",
			"from": [7.19, 12.53, 4.355],
			"to": [8.81, 12.935, 9.215],
			"faces": {
				"north": {"uv": [7, 6, 9, 7.5], "texture": "#ak_47_white"},
				"east": {"uv": [0, 6, 12, 7.5], "texture": "#ak_47_white"},
				"south": {"uv": [7, 6, 9, 7.5], "texture": "#ak_47_white"},
				"west": {"uv": [4, 6, 16, 7.5], "texture": "#ak_47_white"},
				"up": {"uv": [7, 4, 9, 16], "texture": "#ak_47_white"},
				"down": {"uv": [9, 16, 7, 4], "texture": "#ak_47_white"}
			}
		},
		{
			"name": "3",
			"from": [5.975, 12.125, 4.355],
			"to": [6.99, 12.53, 4.60813],
			"faces": {
				"north": {"uv": [9, 3, 10.5, 3.5], "texture": "#ak_47_3"},
				"east": {"uv": [12.1875, 3, 12.5, 3.5], "texture": "#ak_47_3"},
				"south": {"uv": [5.5, 3, 7, 3.5], "texture": "#ak_47_3"},
				"west": {"uv": [3.5, 3, 3.8125, 3.5], "texture": "#ak_47_3"},
				"up": {"uv": [5.5, 3.5, 7, 3.8125], "texture": "#ak_47_3"},
				"down": {"uv": [10.5, 3.8125, 9, 3.5], "texture": "#ak_47_3"}
			}
		}
	],
	"gui_light": "front",
	"display": {
		"thirdperson_righthand": {
			"translation": [0, 0, -1.25],
			"scale": [0.6, 0.6, 0.6]
		},
		"thirdperson_lefthand": {
			"translation": [0, 0, -1.25],
			"scale": [0.6, 0.6, 0.6]
		},
		"firstperson_righthand": {
			"rotation": [6, -5, 0],
			"translation": [3.75, 0, 0]
		},
		"firstperson_lefthand": {
			"rotation": [6, 0, 0],
			"translation": [-9, 1.25, 0]
		},
		"ground": {
			"scale": [0.6, 0.6, 0.6]
		},
		"gui": {
			"rotation": [0, 45, 30],
			"scale": [0.5, 0.5, 0.5]
		},
		"head": {
			"rotation": [45, 90, 0],
			"translation": [0, -10, 2.5]
		},
		"fixed": {
			"rotation": [0, -90, 0],
			"scale": [0.8, 0.8, 0.8]
		}
	}
}