{
    "providers": [
		{"file":"guns:font/gun0.png","chars":["\u4654"],"height":52,"ascent":33,"type":"bitmap"},
		{"file":"guns:font/gun2.png","chars":["\u4655"],"height":52,"ascent":33,"type":"bitmap"},
		{"file":"guns:font/gun5.png","chars":["\u4656"],"height":52,"ascent":33,"type":"bitmap"},
		{"file":"guns:font/gun6.png","chars":["\u4657"],"height":52,"ascent":33,"type":"bitmap"},
		{"file":"guns:font/gun7.png","chars":["\u4658"],"height":52,"ascent":33,"type":"bitmap"},
		{"file":"guns:font/gun8.png","chars":["\u4659"],"height":52,"ascent":33,"type":"bitmap"},
		{"file":"guns:font/gun9.png","chars":["\u465a"],"height":52,"ascent":33,"type":"bitmap"},
		{"file":"guns:font/gun10.png","chars":["\u465b"],"height":52,"ascent":33,"type":"bitmap"},
		{"file":"guns:font/gun11.png","chars":["\u465c"],"height":52,"ascent":33,"type":"bitmap"},
		{"file":"guns:font/gun12.png","chars":["\u465d"],"height":52,"ascent":33,"type":"bitmap"},
		{"file":"guns:font/gun13.png","chars":["\u465e"],"height":52,"ascent":33,"type":"bitmap"},
		{"file":"guns:font/gun14.png","chars":["\u465f"],"height":52,"ascent":33,"type":"bitmap"},
		{"file":"guns:font/gun15.png","chars":["\u4660"],"height":52,"ascent":33,"type":"bitmap"},
		{"file":"guns:font/gun16.png","chars":["\u4661"],"height":52,"ascent":33,"type":"bitmap"},
		{"file":"guns:font/gun17.png","chars":["\u4662"],"height":52,"ascent":33,"type":"bitmap"},
		{"file":"guns:font/gun18.png","chars":["\u4663"],"height":52,"ascent":33,"type":"bitmap"},
		{"file":"guns:font/gun19.png","chars":["\u4664"],"height":52,"ascent":33,"type":"bitmap"},
		{"file":"guns:font/gun20.png","chars":["\u4665"],"height":52,"ascent":33,"type":"bitmap"},
		{"file":"guns:font/gun21.png","chars":["\u4666"],"height":52,"ascent":33,"type":"bitmap"},
		{"file":"guns:font/gun22.png","chars":["\u4667"],"height":52,"ascent":33,"type":"bitmap"},
		{"file":"guns:font/gun23.png","chars":["\u4668"],"height":52,"ascent":33,"type":"bitmap"},
		{"file":"guns:font/gun24.png","chars":["\u4669"],"height":52,"ascent":33,"type":"bitmap"},
		{"file":"guns:font/gun25.png","chars":["\u466a"],"height":52,"ascent":33,"type":"bitmap"},
		{"file":"guns:font/gun26.png","chars":["\u466b"],"height":52,"ascent":33,"type":"bitmap"},
		{"file":"guns:font/bullet0.png","chars":["\u466c"],"height":52,"ascent":33,"type":"bitmap"},
		{"file":"guns:font/bullet2.png","chars":["\u466d"],"height":52,"ascent":33,"type":"bitmap"},
		{"file":"guns:font/bullet3.png","chars":["\u466e"],"height":52,"ascent":33,"type":"bitmap"},
		{"file":"guns:font/bullet6.png","chars":["\u466f"],"height":52,"ascent":33,"type":"bitmap"},
		{"file":"guns:font/bullet7.png","chars":["\u4670"],"height":52,"ascent":33,"type":"bitmap"},
		{"file":"guns:font/bullet9.png","chars":["\u4671"],"height":52,"ascent":33,"type":"bitmap"},
		{"file":"guns:font/bullet11.png","chars":["\u4672"],"height":52,"ascent":33,"type":"bitmap"},
		{"file":"guns:font/bullet14.png","chars":["\u4673"],"height":52,"ascent":33,"type":"bitmap"},
		{"file":"guns:font/bullet19.png","chars":["\u4674"],"height":52,"ascent":33,"type":"bitmap"},
		{"file":"guns:font/bullet26.png","chars":["\u4675"],"height":52,"ascent":33,"type":"bitmap"},
		{"file":"guns:font/gun27.png","chars":["\u4676"],"height":52,"ascent":33,"type":"bitmap"},
		{"file":"guns:font/gun28.png","chars":["\u4677"],"height":52,"ascent":33,"type":"bitmap"},
		{"file":"guns:font/gun29.png","chars":["\u4678"],"height":52,"ascent":33,"type":"bitmap"},
		{"file":"guns:font/gun30.png","chars":["\u4679"],"height":52,"ascent":33,"type":"bitmap"},
		{"file":"guns:font/gun31.png","chars":["\u467a"],"height":52,"ascent":33,"type":"bitmap"},
		{"file":"guns:font/gun32.png","chars":["\u467b"],"height":52,"ascent":33,"type":"bitmap"},
		{"file":"guns:font/gun33.png","chars":["\u467c"],"height":52,"ascent":33,"type":"bitmap"},
		{"file":"guns:font/gun34.png","chars":["\u467d"],"height":52,"ascent":33,"type":"bitmap"},
		{"file":"guns:font/suppressor.png","chars":["\u467e"],"height":52,"ascent":33,"type":"bitmap"},
		{"file":"guns:font/lasersight.png","chars":["\u467f"],"height":52,"ascent":33,"type":"bitmap"},
		{"file":"guns:font/recipes/backpack.png","chars":["\u4680"],"height":52,"ascent":33,"type":"bitmap"},
		{"file":"guns:font/recipes/enchantbook.png","chars":["\u4681"],"height":52,"ascent":33,"type":"bitmap"},
		{"file":"guns:font/recipes/enchantmentplus.png","chars":["\u4682"],"height":52,"ascent":33,"type":"bitmap"},
		{"file":"guns:font/recipes/engineeringtable.png","chars":["\u4683"],"height":52,"ascent":33,"type":"bitmap"},
		{"file":"guns:font/recipes/furniturehammer.png","chars":["\u4684"],"height":52,"ascent":33,"type":"bitmap"},
		{"file":"guns:font/recipes/ironchassis.png","chars":["\u4685"],"height":52,"ascent":33,"type":"bitmap"},
		{"file":"guns:font/recipes/ironstick.png","chars":["\u4686"],"height":52,"ascent":33,"type":"bitmap"},
		{"file":"guns:font/recipes/ironwing.png","chars":["\u4687"],"height":52,"ascent":33,"type":"bitmap"},
		{"file":"guns:font/recipes/molotov.png","chars":["\u4689"],"height":52,"ascent":33,"type":"bitmap"},
		{"file":"guns:font/recipes/oilpump.png","chars":["\u468a"],"height":52,"ascent":33,"type":"bitmap"},
		{"file":"guns:font/recipes/pilotshelmet.png","chars":["\u468b"],"height":52,"ascent":33,"type":"bitmap"},
		{"file":"guns:font/recipes/pistonengine.png","chars":["\u468c"],"height":52,"ascent":33,"type":"bitmap"},
		{"file":"guns:font/recipes/sawmill.png","chars":["\u468e"],"height":52,"ascent":33,"type":"bitmap"},
		{"file":"guns:font/recipes/soulorb.png","chars":["\u468f"],"height":52,"ascent":33,"type":"bitmap"},
		{"file":"guns:font/recipes/woodchassis.png","chars":["\u4690"],"height":52,"ascent":33,"type":"bitmap"},
		{"file":"guns:font/recipes/woodwing.png","chars":["\u4691"],"height":52,"ascent":33,"type":"bitmap"},
		{"file":"guns:font/recipes/ww1plane.png","chars":["\u4692"],"height":52,"ascent":33,"type":"bitmap"},
		{"file":"guns:font/recipes/ww2plane.png","chars":["\u4693"],"height":52,"ascent":33,"type":"bitmap"},
		{"file":"guns:font/recipes/lightblock.png","chars":["\u4694"],"height":52,"ascent":33,"type":"bitmap"},
		{"file":"guns:font/recipes/planeworkstation.png","chars":["\u4695"],"height":52,"ascent":52,"type":"bitmap"},
		{"file":"guns:font/recipes/falchion.png","chars":["\u4696"],"height":52,"ascent":52,"type":"bitmap"},
		{"file":"guns:font/gun35.png","chars":["\u4697"],"height":52,"ascent":52,"type":"bitmap"},
		{"file":"guns:font/sniperscope.png","chars":["\u4698"],"height":87,"ascent":38,"type":"bitmap"},
		{"file":"guns:font/rpgscope.png","chars":["\u4699"],"height":87,"ascent":38,"type":"bitmap"},
		{"file":"guns:font/gun99.png","chars":["\u469a"],"height":52,"ascent":52,"type":"bitmap"}
        ]
    }
